channelKey,year,month,uploads_count_Normal,uploads_count_Short,views_total_Normal,views_total_Short,likes_total_Normal,likes_total_Short,comments_total_Normal,comments_total_Short,likes_per_1k_views_Normal,likes_per_1k_views_Short,comments_per_1k_views_Normal,comments_per_1k_views_Short,engagement_per_1k_views_Normal,engagement_per_1k_views_Short,avg_views_per_video_Normal,avg_views_per_video_Short,avg_duration_seconds_Normal,avg_duration_seconds_Short,views_mom_pct_Normal,views_mom_pct_Short,uploads_share_within_channel_month_Normal,uploads_share_within_channel_month_Short,views_share_within_channel_month_Normal,views_share_within_channel_month_Short,likes_per_1k_views_short_minus_normal,likes_per_1k_views_short_div_normal,comments_per_1k_views_short_minus_normal,comments_per_1k_views_short_div_normal,engagement_per_1k_views_short_minus_normal,engagement_per_1k_views_short_div_normal,avg_views_per_video_short_minus_normal,avg_views_per_video_short_div_normal
@ESPN,2024,2024-05,310.0,324.0,38156610.0,156592110.0,411807.0,4796186.0,154479.0,73431.0,10.79,30.63,4.05,0.47,14.84,31.1,123085.84,483308.98,603.66,26.97,,,0.489,0.511,0.1959,0.8041,19.84,2.839,-3.58,0.116,16.26,2.096,360223.14,3.927
@ESPN,2024,2024-06,518.0,656.0,55307819.0,189224409.0,561345.0,7194427.0,252598.0,136902.0,10.15,38.02,4.57,0.72,14.72,38.74,106771.85,288451.84,631.51,27.17,0.4495,0.2084,0.4412,0.5588,0.2262,0.7738,27.87,3.746,-3.85,0.158,24.02,2.632,181679.99,2.702
@ESPN,2024,2024-07,357.0,491.0,39568251.0,262619728.0,412517.0,10444293.0,138821.0,132518.0,10.43,39.77,3.51,0.5,13.93,40.27,110835.44,534867.06,781.29,28.34,-0.2846,0.3879,0.421,0.579,0.1309,0.8691,29.34,3.813,-3.01,0.142,26.34,2.891,424031.62,4.826
@ESPN,2024,2024-08,273.0,410.0,18692144.0,148463060.0,201282.0,4637051.0,64910.0,49363.0,10.77,31.23,3.47,0.33,14.24,31.57,68469.39,362105.02,813.65,28.84,-0.5276,-0.4347,0.3997,0.6003,0.1118,0.8882,20.46,2.9,-3.14,0.095,17.33,2.217,293635.63,5.289
@ESPN,2024,2024-09,375.0,476.0,27277691.0,55270454.0,277209.0,1850220.0,87811.0,41950.0,10.16,33.48,3.22,0.76,13.38,34.23,72740.51,116114.4,956.47,26.04,0.4593,-0.6277,0.4407,0.5593,0.3304,0.6696,23.32,3.295,-2.46,0.236,20.85,2.558,43373.89,1.596
@ESPN,2024,2024-10,340.0,634.0,25622941.0,62356274.0,284689.0,1837189.0,68002.0,48948.0,11.11,29.46,2.65,0.78,13.76,30.25,75361.59,98353.74,1098.19,34.74,-0.0607,0.1282,0.3491,0.6509,0.2912,0.7088,18.35,2.652,-1.87,0.294,16.49,2.198,22992.15,1.305
@ESPN,2024,2024-11,292.0,580.0,26170886.0,191672066.0,256584.0,4379365.0,56840.0,146767.0,9.8,22.85,2.17,0.77,11.98,23.61,89626.32,330469.08,1156.46,38.11,0.0214,2.0738,0.3349,0.6651,0.1201,0.8799,13.05,2.332,-1.4,0.355,11.63,1.971,240842.76,3.687
@ESPN,2024,2024-12,315.0,732.0,32887956.0,78532067.0,291585.0,2733517.0,76148.0,64118.0,8.87,34.81,2.32,0.82,11.18,35.62,104406.21,107284.24,1066.88,44.07,0.2567,-0.5903,0.3009,0.6991,0.2952,0.7048,25.94,3.924,-1.5,0.353,24.44,3.186,2878.03,1.028
@HouseofHighlights,2024,2024-01,7.0,12.0,453843.0,230388044.0,7413.0,5895561.0,747.0,35422.0,16.33,25.59,1.65,0.15,17.98,25.74,64834.71,19199003.67,1377.86,22.58,,,0.3684,0.6316,0.002,0.998,9.26,1.567,-1.5,0.091,7.76,1.432,19134168.96,296.122
@HouseofHighlights,2024,2024-02,8.0,17.0,1025530.0,50715457.0,7729.0,1928430.0,1074.0,20313.0,7.54,38.02,1.05,0.4,8.58,38.43,128191.25,2983262.18,1042.75,20.88,1.2597,-0.7799,0.32,0.68,0.0198,0.9802,30.48,5.042,-0.65,0.381,29.85,4.479,2855070.93,23.272
@HouseofHighlights,2024,2024-03,4.0,30.0,247579.0,776934779.0,1631.0,14068218.0,458.0,128974.0,6.59,18.11,1.85,0.17,8.44,18.27,61894.75,25897825.97,384.0,18.1,-0.7586,14.3195,0.1176,0.8824,0.0003,0.9997,11.52,2.748,-1.68,0.092,9.83,2.165,25835931.22,418.417
@HouseofHighlights,2024,2024-04,6.0,32.0,140128.0,399558964.0,1785.0,15451237.0,379.0,113231.0,12.74,38.67,2.7,0.28,15.44,38.95,23354.67,12486217.62,493.17,19.53,-0.434,-0.4857,0.1579,0.8421,0.0004,0.9996,25.93,3.035,-2.42,0.104,23.51,2.523,12462862.95,534.635
@HouseofHighlights,2024,2024-05,10.0,43.0,1542947.0,636450612.0,28092.0,18782721.0,2630.0,103466.0,18.21,29.51,1.7,0.16,19.91,29.67,154294.7,14801177.02,1858.7,20.16,10.011,0.5929,0.1887,0.8113,0.0024,0.9976,11.3,1.621,-1.54,0.094,9.76,1.49,14646882.32,95.928
@HouseofHighlights,2024,2024-06,6.0,38.0,449561.0,249781071.0,4493.0,10262997.0,196.0,55897.0,9.99,41.09,0.44,0.22,10.43,41.31,74926.83,6573186.08,7011.17,22.61,-0.7086,-0.6075,0.1364,0.8636,0.0018,0.9982,31.1,4.113,-0.22,0.5,30.88,3.961,6498259.25,87.728
@HouseofHighlights,2024,2024-07,11.0,62.0,3565561.0,163164830.0,29411.0,7573185.0,5744.0,45671.0,8.25,46.41,1.61,0.28,9.86,46.69,324141.91,2631690.81,1860.09,23.37,6.9312,-0.3468,0.1507,0.8493,0.0214,0.9786,38.16,5.625,-1.33,0.174,36.83,4.735,2307548.9,8.119
@HouseofHighlights,2024,2024-08,16.0,37.0,7429479.0,334979573.0,27676.0,11228918.0,2068.0,71440.0,3.73,33.52,0.28,0.21,4.0,33.73,464342.44,9053501.97,692.5,24.89,1.0837,1.053,0.3019,0.6981,0.0217,0.9783,29.79,8.987,-0.07,0.75,29.73,8.432,8589159.53,19.497
@HouseofHighlights,2024,2024-09,,19.0,,67682953.0,,3377718.0,,35303.0,,49.91,,0.52,,50.43,,3562260.68,,20.63,,-0.7979,,1.0,,1.0,,,,,,,,
@HouseofHighlights,2024,2024-10,7.0,27.0,327618.0,76775047.0,4848.0,3104092.0,608.0,18362.0,14.8,40.43,1.86,0.24,16.65,40.67,46802.57,2843520.26,637.71,25.96,-0.9559,0.1343,0.2059,0.7941,0.0042,0.9958,25.63,2.732,-1.62,0.129,24.02,2.443,2796717.69,60.756
@HouseofHighlights,2024,2024-11,8.0,39.0,1892971.0,78677213.0,14472.0,3643016.0,2232.0,35337.0,7.65,46.3,1.18,0.45,8.82,46.75,236621.38,2017364.44,503.62,37.72,4.778,0.0248,0.1702,0.8298,0.0235,0.9765,38.65,6.052,-0.73,0.381,37.93,5.3,1780743.06,8.526
@HouseofHighlights,2024,2024-12,9.0,31.0,804863.0,137965703.0,7634.0,5445391.0,1335.0,25667.0,9.48,39.47,1.66,0.19,11.14,39.66,89429.22,4450506.55,1214.11,31.71,-0.5748,0.7536,0.225,0.775,0.0058,0.9942,29.99,4.164,-1.47,0.114,28.52,3.56,4361077.33,49.766
@NBA,2024,2024-01,490.0,172.0,127249595.0,65494633.0,1331796.0,2289378.0,164347.0,28308.0,10.47,34.96,1.29,0.43,11.76,35.39,259693.05,380782.75,1424.3,22.51,,,0.7402,0.2598,0.6602,0.3398,24.49,3.339,-0.86,0.333,23.63,3.009,121089.7,1.466
@NBA,2024,2024-02,424.0,263.0,110776794.0,37834173.0,1294697.0,1652311.0,139441.0,28945.0,11.69,43.67,1.26,0.77,12.95,44.44,261266.02,143856.17,1440.82,24.31,-0.1295,-0.4223,0.6172,0.3828,0.7454,0.2546,31.98,3.736,-0.49,0.611,31.49,3.432,-117409.85,0.551
@NBA,2024,2024-03,464.0,135.0,106037825.0,34915435.0,1178102.0,1305883.0,139740.0,19964.0,11.11,37.4,1.32,0.57,12.43,37.97,228529.8,258632.85,1528.1,21.33,-0.0428,-0.0771,0.7746,0.2254,0.7523,0.2477,26.29,3.366,-0.75,0.432,25.54,3.055,30103.05,1.132
@NBA,2024,2024-04,408.0,171.0,130873566.0,14584245.0,1289835.0,674547.0,169683.0,17560.0,9.86,46.25,1.3,1.2,11.15,47.46,320768.54,85287.98,1931.52,27.46,0.2342,-0.5823,0.7047,0.2953,0.8997,0.1003,36.39,4.691,-0.1,0.923,36.31,4.257,-235480.56,0.266
@NBA,2024,2024-05,282.0,174.0,127612325.0,18115214.0,1262847.0,849933.0,161775.0,20721.0,9.9,46.92,1.27,1.14,11.16,48.06,452525.98,104110.43,2716.65,27.94,-0.0249,0.2421,0.6184,0.3816,0.8757,0.1243,37.02,4.739,-0.13,0.898,36.9,4.306,-348415.55,0.23
@NBA,2024,2024-06,153.0,154.0,54307149.0,13810790.0,486888.0,650111.0,49863.0,15503.0,8.97,47.07,0.92,1.12,9.88,48.2,354948.69,89680.45,2439.81,30.16,-0.5744,-0.2376,0.4984,0.5016,0.7973,0.2027,38.1,5.247,0.2,1.217,38.32,4.879,-265268.24,0.253
@NBA,2024,2024-07,232.0,162.0,73780587.0,67487957.0,864255.0,2628860.0,87896.0,41646.0,11.71,38.95,1.19,0.62,12.91,39.57,318019.77,416592.33,655.78,25.01,0.3586,3.8866,0.5888,0.4112,0.5223,0.4777,27.24,3.326,-0.57,0.521,26.66,3.065,98572.56,1.31
@NBA,2024,2024-08,27.0,20.0,13275463.0,21039004.0,123963.0,830298.0,5891.0,6522.0,9.34,39.46,0.44,0.31,9.78,39.77,491683.81,1051950.2,6290.93,33.35,-0.8201,-0.6883,0.5745,0.4255,0.3869,0.6131,30.12,4.225,-0.13,0.705,29.99,4.066,560266.39,2.139
@NBA,2024,2024-09,26.0,42.0,7207211.0,5685673.0,63251.0,227891.0,4059.0,5466.0,8.78,40.08,0.56,0.96,9.34,41.04,277200.42,135373.17,4552.38,24.98,-0.4571,-0.7298,0.3824,0.6176,0.559,0.441,31.3,4.565,0.4,1.714,31.7,4.394,-141827.25,0.488
@NBA,2024,2024-10,251.0,249.0,76791315.0,34509923.0,845637.0,1214677.0,103189.0,30736.0,11.01,35.2,1.34,0.89,12.36,36.09,305941.49,138594.07,1221.68,36.87,9.6548,5.0696,0.502,0.498,0.6899,0.3101,24.19,3.197,-0.45,0.664,23.73,2.92,-167347.42,0.453
@NBA,2024,2024-11,414.0,274.0,112997555.0,43040380.0,1172410.0,1363151.0,146667.0,31883.0,10.38,31.67,1.3,0.74,11.67,32.41,272940.95,157081.68,1432.78,50.57,0.4715,0.2472,0.6017,0.3983,0.7242,0.2758,21.29,3.051,-0.56,0.569,20.74,2.777,-115859.27,0.576
@NBA,2024,2024-12,428.0,353.0,102276882.0,26053928.0,1072954.0,891120.0,131223.0,22927.0,10.49,34.2,1.28,0.88,11.77,35.08,238964.68,73807.16,1641.57,42.88,-0.0949,-0.3947,0.548,0.452,0.797,0.203,23.71,3.26,-0.4,0.688,23.31,2.98,-165157.52,0.309
@Veritasium,2024,2024-01,2.0,,14576263.0,,380008.0,,45074.0,,26.07,,3.09,,29.16,,7288131.5,,906.5,,,,1.0,,1.0,,,,,,,,,
@Veritasium,2024,2024-02,2.0,2.0,55913760.0,79904006.0,1277071.0,3292958.0,42333.0,24365.0,22.84,41.21,0.76,0.3,23.6,41.52,27956880.0,39952003.0,1953.5,57.0,2.8359,,0.5,0.5,0.4117,0.5883,18.37,1.804,-0.46,0.395,17.92,1.759,11995123.0,1.429
@Veritasium,2024,2024-03,3.0,1.0,49138691.0,6714505.0,1038029.0,210094.0,66200.0,2197.0,21.12,31.29,1.35,0.33,22.47,31.62,16379563.67,6714505.0,1617.0,59.0,-0.1212,-0.916,0.75,0.25,0.8798,0.1202,10.17,1.482,-1.02,0.244,9.15,1.407,-9665058.67,0.41
@Veritasium,2024,2024-04,1.0,4.0,28957499.0,94747864.0,536859.0,4300574.0,26479.0,58253.0,18.54,45.39,0.91,0.61,19.45,46.0,28957499.0,23686966.0,2223.0,59.5,-0.4107,13.1109,0.2,0.8,0.2341,0.7659,26.85,2.448,-0.3,0.67,26.55,2.365,-5270533.0,0.818
@Veritasium,2024,2024-05,2.0,1.0,8102848.0,6887430.0,250633.0,193453.0,12291.0,5644.0,30.93,28.09,1.52,0.82,32.45,28.91,4051424.0,6887430.0,1730.5,25.0,-0.7202,-0.9273,0.6667,0.3333,0.5405,0.4595,-2.84,0.908,-0.7,0.539,-3.54,0.891,2836006.0,1.7
@Veritasium,2024,2024-06,1.0,,4591392.0,,172009.0,,8021.0,,37.46,,1.75,,39.21,,4591392.0,,1023.0,,-0.4334,,1.0,,1.0,,,,,,,,,
@Veritasium,2024,2024-07,1.0,,5219597.0,,93177.0,,4293.0,,17.85,,0.82,,18.67,,5219597.0,,5240.0,,0.1368,,1.0,,1.0,,,,,,,,,
@Veritasium,2024,2024-08,3.0,1.0,26661292.0,7163515.0,725903.0,362886.0,51899.0,11508.0,27.23,50.66,1.95,1.61,29.17,52.26,8887097.33,7163515.0,1346.0,60.0,4.1079,0.0401,0.75,0.25,0.7882,0.2118,23.43,1.86,-0.34,0.826,23.09,1.792,-1723582.33,0.806
@Veritasium,2024,2024-09,2.0,,18876599.0,,623287.0,,25954.0,,33.02,,1.37,,34.39,,9438299.5,,2014.0,,-0.292,,1.0,,1.0,,,,,,,,,
@Veritasium,2024,2024-10,3.0,1.0,36203345.0,31439248.0,865895.0,0.0,33265.0,17122.0,23.92,0.0,0.92,0.54,24.84,0.54,12067781.67,31439248.0,1709.33,58.0,0.9179,3.3888,0.75,0.25,0.5352,0.4648,-23.92,0.0,-0.38,0.587,-24.3,0.022,19371466.33,2.605
@Veritasium,2024,2024-11,3.0,2.0,26493430.0,6469041.0,661604.0,233715.0,40198.0,7240.0,24.97,36.13,1.52,1.12,26.49,37.25,8831143.33,3234520.5,1471.33,86.0,-0.2682,-0.7942,0.6,0.4,0.8037,0.1963,11.16,1.447,-0.4,0.737,10.76,1.406,-5596622.83,0.366
@Veritasium,2024,2024-12,4.0,1.0,28199245.0,18961374.0,717605.0,987741.0,32380.0,13971.0,25.45,52.09,1.15,0.74,26.6,52.83,7049811.25,18961374.0,1406.25,57.0,0.0644,1.9311,0.8,0.2,0.5979,0.4021,26.64,2.047,-0.41,0.643,26.23,1.986,11911562.75,2.69
@Vox,2024,2024-01,2.0,4.0,3613824.0,9194105.0,85403.0,613493.0,5332.0,6521.0,23.63,66.73,1.48,0.71,25.11,67.44,1806912.0,2298526.25,925.5,60.0,,,0.3333,0.6667,0.2822,0.7178,43.1,2.824,-0.77,0.48,42.33,2.686,491614.25,1.272
@Vox,2024,2024-02,5.0,3.0,3441583.0,7457839.0,73186.0,505304.0,2760.0,894.0,21.27,67.75,0.8,0.12,22.07,67.87,688316.6,2485946.33,472.0,59.67,-0.0477,-0.1888,0.625,0.375,0.3158,0.6842,46.48,3.185,-0.68,0.15,45.8,3.075,1797629.73,3.612
@Vox,2024,2024-03,5.0,7.0,6370663.0,1041429.0,148043.0,30961.0,12562.0,886.0,23.24,29.73,1.97,0.85,25.21,30.58,1274132.6,148775.57,524.8,50.57,0.8511,-0.8604,0.4167,0.5833,0.8595,0.1405,6.49,1.279,-1.12,0.431,5.37,1.213,-1125357.03,0.117
@Vox,2024,2024-04,3.0,2.0,3118626.0,222607.0,80654.0,9895.0,5124.0,98.0,25.86,44.45,1.64,0.44,27.51,44.89,1039542.0,111303.5,423.67,56.5,-0.5105,-0.7862,0.6,0.4,0.9334,0.0666,18.59,1.719,-1.2,0.268,17.38,1.632,-928238.5,0.107
@Vox,2024,2024-05,5.0,2.0,6713516.0,3707549.0,172622.0,183007.0,9506.0,1303.0,25.71,49.36,1.42,0.35,27.13,49.71,1342703.2,1853774.5,698.8,59.5,1.1527,15.6551,0.7143,0.2857,0.6442,0.3558,23.65,1.92,-1.07,0.246,22.58,1.832,511071.3,1.381
@Vox,2024,2024-06,4.0,1.0,4978039.0,309643.0,120860.0,16203.0,9717.0,209.0,24.28,52.33,1.95,0.67,26.23,53.0,1244509.75,309643.0,524.5,59.0,-0.2585,-0.9165,0.8,0.2,0.9414,0.0586,28.05,2.155,-1.28,0.344,26.77,2.021,-934866.75,0.249
@Vox,2024,2024-07,6.0,4.0,4695167.0,6677266.0,119503.0,364426.0,6629.0,5765.0,25.45,54.58,1.41,0.86,26.86,55.44,782527.83,1669316.5,392.5,60.0,-0.0568,20.5644,0.6,0.4,0.4129,0.5871,29.13,2.145,-0.55,0.61,28.58,2.064,886788.67,2.133
@Vox,2024,2024-08,3.0,9.0,3867731.0,1369704.0,83763.0,76894.0,8349.0,1336.0,21.66,56.14,2.16,0.98,23.82,57.11,1289243.67,152189.33,548.67,53.0,-0.1762,-0.7949,0.25,0.75,0.7385,0.2615,34.48,2.592,-1.18,0.454,33.29,2.398,-1137054.34,0.118
@Vox,2024,2024-09,3.0,5.0,1376094.0,2617344.0,47249.0,207790.0,6311.0,2049.0,34.34,79.39,4.59,0.78,38.92,80.17,458698.0,523468.8,1777.33,55.8,-0.6442,0.9109,0.375,0.625,0.3446,0.6554,45.05,2.312,-3.81,0.17,41.25,2.06,64770.8,1.141
@Vox,2024,2024-10,5.0,4.0,2188653.0,882948.0,62942.0,57213.0,2721.0,707.0,28.76,64.8,1.24,0.8,30.0,65.6,437730.6,220737.0,555.6,47.0,0.5905,-0.6627,0.5556,0.4444,0.7125,0.2875,36.04,2.253,-0.44,0.645,35.6,2.187,-216993.6,0.504
@Vox,2024,2024-11,2.0,5.0,6164835.0,7020241.0,160012.0,460149.0,20206.0,12715.0,25.96,65.55,3.28,1.81,29.23,67.36,3082417.5,1404048.2,611.0,58.8,1.8167,6.9509,0.2857,0.7143,0.4676,0.5324,39.59,2.525,-1.47,0.552,38.13,2.304,-1678369.3,0.456
@Vox,2024,2024-12,5.0,7.0,3627818.0,943674.0,106208.0,59080.0,5243.0,684.0,29.28,62.61,1.45,0.72,30.72,63.33,725563.6,134810.57,562.8,53.71,-0.4115,-0.8656,0.4167,0.5833,0.7936,0.2064,33.33,2.138,-0.73,0.497,32.61,2.062,-590753.03,0.186
@nytimes,2024,2024-01,3.0,,1071825.0,,6712.0,,437.0,,6.26,,0.41,,6.67,,357275.0,,194.0,,,,1.0,,1.0,,,,,,,,,
@nytimes,2024,2024-02,4.0,,823937.0,,15757.0,,2540.0,,19.12,,3.08,,22.21,,205984.25,,233.0,,-0.2313,,1.0,,1.0,,,,,,,,,
@nytimes,2024,2024-03,1.0,,163099.0,,3008.0,,155.0,,18.44,,0.95,,19.39,,163099.0,,336.0,,-0.802,,1.0,,1.0,,,,,,,,,
@nytimes,2024,2024-04,4.0,,865394.0,,17481.0,,1343.0,,20.2,,1.55,,21.75,,216348.5,,298.75,,4.3059,,1.0,,1.0,,,,,,,,,
@nytimes,2024,2024-05,4.0,,278523.0,,3893.0,,395.0,,13.98,,1.42,,15.4,,69630.75,,180.0,,-0.6782,,1.0,,1.0,,,,,,,,,
@nytimes,2024,2024-06,2.0,,204735.0,,1777.0,,80.0,,8.68,,0.39,,9.07,,102367.5,,251.0,,-0.2649,,1.0,,1.0,,,,,,,,,
@nytimes,2024,2024-07,11.0,,2255034.0,,30560.0,,5365.0,,13.55,,2.38,,15.93,,205003.09,,283.55,,10.0144,,1.0,,1.0,,,,,,,,,
@nytimes,2024,2024-08,24.0,,872491.0,,26707.0,,4766.0,,30.61,,5.46,,36.07,,36353.79,,177.92,,-0.6131,,1.0,,1.0,,,,,,,,,
@nytimes,2024,2024-09,22.0,,526076.0,,13364.0,,3549.0,,25.4,,6.75,,32.15,,23912.55,,201.09,,-0.397,,1.0,,1.0,,,,,,,,,
@nytimes,2024,2024-10,15.0,7.0,577417.0,259073.0,14668.0,4596.0,4173.0,983.0,25.4,17.74,7.23,3.79,32.63,21.53,38494.47,37010.43,279.93,152.43,0.0976,,0.6818,0.3182,0.6903,0.3097,-7.66,0.698,-3.44,0.524,-11.1,0.66,-1484.04,0.961
@nytimes,2024,2024-11,12.0,8.0,809404.0,198230.0,14019.0,4964.0,2969.0,860.0,17.32,25.04,3.67,4.34,20.99,29.38,67450.33,24778.75,220.17,161.5,0.4018,-0.2348,0.6,0.4,0.8033,0.1967,7.72,1.446,0.67,1.183,8.39,1.4,-42671.58,0.367
@nytimes,2024,2024-12,6.0,3.0,944949.0,32267.0,20641.0,1078.0,4582.0,43.0,21.84,33.41,4.85,1.33,26.69,34.74,157491.5,10755.67,563.33,129.33,0.1675,-0.8372,0.6667,0.3333,0.967,0.033,11.57,1.53,-3.52,0.274,8.05,1.302,-146735.83,0.068
@theoffice,2024,2024-01,7.0,7.0,11807890.0,19147177.0,137457.0,991755.0,3138.0,3120.0,11.64,51.8,0.27,0.16,11.91,51.96,1686841.43,2735311.0,1082.43,52.86,,,0.5,0.5,0.3815,0.6185,40.16,4.45,-0.11,0.593,40.05,4.363,1048469.57,1.622
@theoffice,2024,2024-02,11.0,8.0,12015675.0,16979875.0,189301.0,926381.0,6035.0,2986.0,15.75,54.56,0.5,0.18,16.26,54.73,1092334.09,2122484.38,744.64,43.38,0.0176,-0.1132,0.5789,0.4211,0.4144,0.5856,38.81,3.464,-0.32,0.36,38.47,3.366,1030150.29,1.943
@theoffice,2024,2024-03,14.0,12.0,10740590.0,18421795.0,170875.0,897158.0,4245.0,2778.0,15.91,48.7,0.4,0.15,16.3,48.85,767185.0,1535149.58,865.29,44.92,-0.1061,0.0849,0.5385,0.4615,0.3683,0.6317,32.79,3.061,-0.25,0.375,32.55,2.997,767964.58,2.001
@theoffice,2024,2024-04,10.0,11.0,10746138.0,28860857.0,148772.0,1416444.0,3922.0,4055.0,13.84,49.08,0.36,0.14,14.21,49.22,1074613.8,2623714.27,849.0,39.09,0.0005,0.5667,0.4762,0.5238,0.2713,0.7287,35.24,3.546,-0.22,0.389,35.01,3.464,1549100.47,2.442
@theoffice,2024,2024-05,13.0,12.0,13985531.0,51581474.0,184833.0,3091508.0,4644.0,6172.0,13.22,59.93,0.33,0.12,13.55,60.05,1075810.08,4298456.17,736.38,38.92,0.3014,0.7872,0.52,0.48,0.2133,0.7867,46.71,4.533,-0.21,0.364,46.5,4.432,3222646.09,3.996
@theoffice,2024,2024-06,13.0,8.0,7435684.0,9646515.0,121793.0,534481.0,3904.0,1898.0,16.38,55.41,0.53,0.2,16.9,55.6,571975.69,1205814.38,1399.0,48.5,-0.4683,-0.813,0.619,0.381,0.4353,0.5647,39.03,3.383,-0.33,0.377,38.7,3.29,633838.69,2.108
@theoffice,2024,2024-07,11.0,5.0,6851718.0,3077660.0,106487.0,129666.0,2881.0,534.0,15.54,42.13,0.42,0.17,15.96,42.3,622883.45,615532.0,822.82,33.4,-0.0785,-0.681,0.6875,0.3125,0.69,0.31,26.59,2.711,-0.25,0.405,26.34,2.65,-7351.45,0.988
@theoffice,2024,2024-08,12.0,6.0,11637536.0,7286602.0,151940.0,265623.0,3457.0,2363.0,13.06,36.45,0.3,0.32,13.35,36.78,969794.67,1214433.67,1064.92,45.0,0.6985,1.3676,0.6667,0.3333,0.615,0.385,23.39,2.791,0.02,1.067,23.43,2.755,244639.0,1.252
@theoffice,2024,2024-09,12.0,10.0,8008786.0,4773819.0,135408.0,242716.0,3263.0,1118.0,16.91,50.84,0.41,0.23,17.31,51.08,667398.83,477381.9,913.33,54.5,-0.3118,-0.3448,0.5455,0.4545,0.6265,0.3735,33.93,3.007,-0.18,0.561,33.77,2.951,-190016.93,0.715
@theoffice,2024,2024-10,13.0,9.0,13365365.0,2369506.0,140370.0,103926.0,3821.0,1113.0,10.5,43.86,0.29,0.47,10.79,44.33,1028105.0,263278.44,1349.08,41.22,0.6688,-0.5036,0.5909,0.4091,0.8494,0.1506,33.36,4.177,0.18,1.621,33.54,4.108,-764826.56,0.256
@theoffice,2024,2024-11,11.0,6.0,20619314.0,1389348.0,224131.0,62452.0,5533.0,406.0,10.87,44.95,0.27,0.29,11.14,45.24,1874483.09,231558.0,1828.55,56.67,0.5427,-0.4137,0.6471,0.3529,0.9369,0.0631,34.08,4.135,0.02,1.074,34.1,4.061,-1642925.09,0.124
@theoffice,2024,2024-12,10.0,5.0,10907662.0,739994.0,118878.0,20383.0,3076.0,299.0,10.9,27.54,0.28,0.4,11.18,27.95,1090766.2,147998.8,1537.0,67.6,-0.471,-0.4674,0.6667,0.3333,0.9365,0.0635,16.64,2.527,0.12,1.429,16.77,2.5,-942767.4,0.136
@ESPN,2025,2025-01,342.0,963.0,33420422.0,73912003.0,352522.0,2263904.0,78132.0,71941.0,10.55,30.63,2.34,0.97,12.89,31.6,97720.5321637427,76751.82035306335,885.4736842105264,42.48390446521287,,,0.2620689655172414,0.7379310344827587,0.31137302637110825,0.6886269736288917,20.08,2.9033175355450234,-1.3699999999999999,0.41452991452991456,18.71,2.451512800620636,-20968.71181067935,0.7854216371279711
@ESPN,2025,2025-02,352.0,935.0,72061775.0,258954455.0,700171.0,9589207.0,186505.0,138828.0,9.72,37.03,2.59,0.54,12.3,37.57,204720.95170454544,276956.63636363635,894.5028409090909,34.775401069518715,1.1562197808274233,2.503550769690276,0.27350427350427353,0.7264957264957265,0.21769861556335168,0.7823013844366483,27.310000000000002,3.809670781893004,-2.05,0.20849420849420852,25.27,3.054471544715447,72235.68465909091,1.3528494961441069
@ESPN,2025,2025-03,458.0,1025.0,46351139.0,149777549.0,498350.0,5076010.0,154949.0,125247.0,10.75,33.89,3.34,0.84,14.09,34.73,101203.36026200873,146124.4380487805,788.5873362445415,33.06439024390244,-0.3567860491918219,-0.42160659487399044,0.3088334457181389,0.6911665542818611,0.2363302353809658,0.7636697646190342,23.14,3.1525581395348836,-2.5,0.25149700598802394,20.639999999999997,2.4648687012065293,44921.077786771755,1.443869429537459
@ESPN,2025,2025-04,351.0,1005.0,56869606.0,469628611.0,596992.0,10094461.0,168917.0,177775.0,10.5,21.49,2.97,0.38,13.47,21.87,162021.66951566952,467292.1502487562,867.8689458689458,37.0547263681592,0.22693006530001347,2.135507385022037,0.2588495575221239,0.7411504424778761,0.10801481213753095,0.891985187862469,10.989999999999998,2.0466666666666664,-2.5900000000000003,0.12794612794612795,8.4,1.623608017817372,305270.4807330867,2.8841336572177663
@ESPN,2025,2025-05,320.0,1083.0,55238264.0,380832585.0,499992.0,5910826.0,158541.0,174381.0,9.05,15.52,2.87,0.46,11.92,15.98,172619.575,351645.96952908585,994.13125,32.822714681440445,-0.02868565679881796,-0.1890771216236653,0.22808267997148968,0.7719173200285103,0.1266726820347489,0.8733273179652511,6.469999999999999,1.714917127071823,-2.41,0.1602787456445993,4.0600000000000005,1.3406040268456376,179026.39452908584,2.0371152549129254
@ESPN,2025,2025-06,327.0,1089.0,47879601.0,232537735.0,422932.0,4648274.0,148946.0,127448.0,8.83,19.99,3.11,0.55,11.94,20.54,146420.79816513762,213533.27364554637,802.9082568807339,29.99449035812672,-0.1332167679998053,-0.38939643255579093,0.2309322033898305,0.7690677966101694,0.17074408338291894,0.8292559166170811,11.159999999999998,2.263873159682899,-2.5599999999999996,0.17684887459807075,8.6,1.7202680067001674,67112.47548040876,1.4583534328553336
@ESPN,2025,2025-07,308.0,1008.0,43491560.0,291801434.0,510406.0,4604611.0,94802.0,106644.0,11.74,15.78,2.18,0.37,13.92,16.15,141206.36363636365,289485.5496031746,965.931818181818,30.348214285714285,-0.0916474011552435,0.2548562666614087,0.23404255319148937,0.7659574468085106,0.12971210487028548,0.8702878951297145,4.039999999999999,1.3441226575809198,-1.81,0.16972477064220182,2.2299999999999986,1.1602011494252873,148279.18596681097,2.0500885523025105
@ESPN,2025,2025-08,270.0,885.0,22276947.0,247629983.0,188753.0,4025833.0,42722.0,97884.0,8.47,16.26,1.92,0.4,10.39,16.65,82507.21111111112,279807.8903954802,919.4629629629628,31.38305084745763,-0.48778689474463555,-0.1513750305970052,0.23376623376623376,0.7662337662337663,0.08253566145930377,0.9174643385406962,7.790000000000001,1.9197166469893743,-1.52,0.20833333333333334,6.259999999999998,1.6025024061597688,197300.6792843691,3.3913143666759926
@ESPN,2025,2025-09,286.0,824.0,36304067.0,107502009.0,416473.0,1452292.0,68255.0,57347.0,11.47,13.51,1.88,0.53,13.35,14.04,126937.2972027972,130463.6031553398,991.6293706293708,34.22330097087379,0.6296697657897197,-0.5658764431607621,0.25765765765765763,0.7423423423423423,0.2524515514907729,0.7475484485092271,2.039999999999999,1.1778552746294682,-1.3499999999999999,0.2819148936170213,0.6899999999999995,1.051685393258427,3526.305952542607,1.0277799041751214
@ESPN,2025,2025-10,257.0,755.0,26973639.0,74951848.0,274547.0,1080209.0,62025.0,51331.0,10.18,14.41,2.3,0.68,12.48,15.1,104955.79377431907,99273.97086092715,1171.5097276264592,37.86622516556291,-0.2570077892374978,-0.30278653676137346,0.25395256916996045,0.7460474308300395,0.2646407664453936,0.7353592335546064,4.23,1.4155206286836937,-1.6199999999999997,0.29565217391304355,2.619999999999999,1.2099358974358974,-5681.822913391923,0.9458646091933786
@HouseofHighlights,2025,2025-01,13.0,39.0,409730.0,250774345.0,6670.0,5846635.0,1609.0,32292.0,16.28,23.31,3.93,0.13,20.21,23.44,31517.69230769231,6430111.41025641,479.46153846153845,35.0,,,0.25,0.75,0.001631194175028811,0.9983688058249712,7.029999999999998,1.4318181818181817,-3.8000000000000003,0.03307888040712468,3.2300000000000004,1.1598218703612073,6398593.717948718,204.0159332568602
@HouseofHighlights,2025,2025-02,50.0,49.0,5299747.0,121572785.0,56823.0,4848996.0,7284.0,41967.0,10.72,39.89,1.37,0.35,12.1,40.23,105994.94,2481077.2448979593,683.54,34.97959183673469,11.934730188172699,-0.5152104374951114,0.5050505050505051,0.494949494949495,0.04177221748833703,0.958227782511663,29.17,3.7210820895522385,-1.02,0.2554744525547445,28.129999999999995,3.324793388429752,2375082.3048979593,23.407506480007058
@HouseofHighlights,2025,2025-03,37.0,43.0,1375612.0,70052168.0,20632.0,1014753.0,2960.0,6819.0,15.0,14.49,2.15,0.1,17.15,14.58,37178.7027027027,1629120.1860465116,524.1081081081081,38.76744186046512,-0.7404381756336671,-0.4237841306341711,0.4625,0.5375,0.019258781387297773,0.9807412186127022,-0.5099999999999998,0.966,-2.05,0.04651162790697675,-2.5699999999999985,0.8501457725947522,1591941.483343809,43.81863990988806
@HouseofHighlights,2025,2025-04,122.0,30.0,9999259.0,77950246.0,85173.0,1169173.0,7333.0,16666.0,8.52,15.0,0.73,0.21,9.25,15.21,81961.1393442623,2598341.533333333,649.6475409836065,43.266666666666666,6.2689530187291185,0.11274566120494667,0.8026315789473685,0.19736842105263158,0.11369318110431662,0.8863068188956834,6.48,1.7605633802816902,-0.52,0.2876712328767123,5.960000000000001,1.6443243243243244,2516380.393989071,31.702115833449923
@HouseofHighlights,2025,2025-05,247.0,37.0,16168804.0,115532555.0,143372.0,1855945.0,16219.0,12226.0,8.87,16.06,1.0,0.11,9.87,16.17,65460.74493927125,3122501.4864864866,618.4048582995952,24.486486486486488,0.6170002197162809,0.482132012771326,0.8697183098591549,0.13028169014084506,0.122768695196228,0.877231304803772,7.1899999999999995,1.810597519729425,-0.89,0.11,6.3000000000000025,1.6382978723404258,3057040.7415472153,47.70036591217026
@HouseofHighlights,2025,2025-06,302.0,63.0,39558550.0,15704435.0,358649.0,265025.0,54802.0,8998.0,9.07,16.88,1.39,0.57,10.45,17.45,130988.5761589404,249276.74603174604,620.1854304635762,32.73015873015873,1.446597163278125,-0.864069179462014,0.8273972602739726,0.1726027397260274,0.7158236204577079,0.2841763795422922,7.809999999999999,1.861080485115766,-0.82,0.41007194244604317,7.0,1.6698564593301435,118288.16987280564,1.9030418784709577
@HouseofHighlights,2025,2025-07,209.0,40.0,18922523.0,64759676.0,164758.0,973174.0,20330.0,8192.0,8.71,15.03,1.07,0.13,9.78,15.15,90538.38755980862,1618991.9,635.9569377990431,20.075,-0.5216578211284286,3.123655260440761,0.8393574297188755,0.1606425702811245,0.22612363472905392,0.773876365270946,6.3199999999999985,1.7256027554535014,-0.9400000000000001,0.12149532710280374,5.370000000000001,1.5490797546012272,1528453.5124401913,17.881828290022423
@HouseofHighlights,2025,2025-08,270.0,97.0,18680702.0,50688243.0,156400.0,1008587.0,15885.0,15205.0,8.37,19.9,0.85,0.3,9.22,20.2,69187.78518518519,522559.206185567,586.8518518518518,35.25773195876289,-0.012779532623635848,-0.21728695801381093,0.7356948228882834,0.26430517711171664,0.2692948840435731,0.730705115956427,11.53,2.3775388291517325,-0.55,0.35294117647058826,10.979999999999999,2.1908893709327546,453371.4210003818,7.55276678949769
@HouseofHighlights,2025,2025-09,258.0,304.0,27102243.0,50487175.0,211187.0,780752.0,23781.0,15283.0,7.79,15.46,0.88,0.3,8.67,15.77,105047.45348837209,166076.23355263157,578.5503875968992,32.848684210526315,0.4508150175512675,-0.003966758129690939,0.45907473309608543,0.5409252669039146,0.3493033418551999,0.6506966581448002,7.670000000000001,1.9845956354300387,-0.5800000000000001,0.3409090909090909,7.1,1.8189158016147635,61028.78006425948,1.5809639171406937
@HouseofHighlights,2025,2025-10,52.0,450.0,14888595.0,94822197.0,124439.0,1655849.0,17797.0,42740.0,8.36,17.46,1.2,0.45,9.55,17.91,286319.1346153846,210715.99333333335,572.75,28.486666666666668,-0.4506508188270617,0.8781442415821443,0.10358565737051793,0.896414342629482,0.13570766128458903,0.864292338715411,9.100000000000001,2.0885167464114835,-0.75,0.375,8.36,1.875392670157068,-75603.14128205128,0.7359479959884283
@NBA,2025,2025-01,474.0,360.0,110250820.0,34555024.0,1174375.0,909238.0,141237.0,24727.0,10.65,26.31,1.28,0.72,11.93,27.03,232596.66666666666,95986.17777777778,1850.9789029535864,53.922222222222224,,,0.5683453237410072,0.4316546762589928,0.761369962389087,0.238630037610913,15.659999999999998,2.4704225352112674,-0.56,0.5625,15.100000000000001,2.2657166806370497,-136610.48888888888,0.4126721984169067
@NBA,2025,2025-02,410.0,630.0,134133758.0,82776864.0,1373539.0,2653456.0,152372.0,52274.0,10.24,32.06,1.14,0.63,11.38,32.69,327155.5073170732,131391.84761904762,1787.139024390244,37.14126984126984,0.21662367681256245,1.395508797794497,0.3942307692307692,0.6057692307692307,0.6183826165968027,0.3816173834031973,21.82,3.130859375,-0.5099999999999999,0.5526315789473685,21.309999999999995,2.8725834797891032,-195763.65969802556,0.40161893864040943
@NBA,2025,2025-03,486.0,404.0,124834965.0,32648494.0,1367451.0,1068465.0,173101.0,27650.0,10.95,32.73,1.39,0.85,12.34,33.57,256862.06790123458,80813.10396039604,1735.8189300411525,35.40346534653465,-0.06932477803238768,-0.6055843091615551,0.5460674157303371,0.45393258426966293,0.7926862020474162,0.2073137979525837,21.779999999999998,2.989041095890411,-0.5399999999999999,0.6115107913669064,21.23,2.720421393841167,-176048.96394083853,0.31461673037479904
@NBA,2025,2025-04,387.0,410.0,139016337.0,67985995.0,1426616.0,1342894.0,181527.0,32994.0,10.26,19.75,1.31,0.49,11.57,20.24,359215.3410852713,165819.5,2348.894056847545,35.25121951219512,0.11360096107689066,1.0823623595011762,0.48557089084065247,0.5144291091593476,0.6715689415518276,0.32843105844817244,9.49,1.9249512670565303,-0.8200000000000001,0.3740458015267175,8.669999999999998,1.7493517718236817,-193395.84108527133,0.4616158638966296
@NBA,2025,2025-05,279.0,343.0,116946338.0,31101968.0,1137257.0,696416.0,152234.0,27298.0,9.72,22.39,1.3,0.88,11.03,23.27,419162.5017921147,90676.29154518951,2900.200716845878,35.62390670553936,-0.1587583119817062,-0.5425238977527651,0.44855305466237944,0.5514469453376206,0.7899201359318492,0.21007986406815082,12.67,2.3034979423868314,-0.42000000000000004,0.6769230769230768,12.24,2.1097008159564825,-328486.2102469252,0.21632729826142888
@NBA,2025,2025-06,171.0,448.0,53544822.0,61475108.0,536705.0,1163557.0,67455.0,35941.0,10.02,18.93,1.26,0.58,11.28,19.51,313127.6140350877,137221.2232142857,2656.245614035088,36.870535714285715,-0.5421419523200461,0.9765664989430893,0.2762520193861066,0.7237479806138933,0.4655264700647966,0.5344735299352034,8.91,1.8892215568862276,-0.68,0.4603174603174603,8.230000000000002,1.7296099290780145,-175906.390820802,0.4382277929627417
@NBA,2025,2025-07,168.0,192.0,17885066.0,19622907.0,212815.0,511215.0,20831.0,12945.0,11.9,26.05,1.16,0.66,13.06,26.71,106458.72619047618,102202.640625,1410.7261904761904,46.369791666666664,-0.6659795414017811,-0.6807991455663649,0.4666666666666667,0.5333333333333333,0.476833712128352,0.523166287871648,14.15,2.1890756302521006,-0.4999999999999999,0.5689655172413793,13.65,2.045176110260337,-4256.085565476184,0.9600212615933316
@NBA,2025,2025-08,32.0,80.0,4187249.0,6771049.0,40788.0,123507.0,2290.0,4277.0,9.74,18.24,0.55,0.63,10.29,18.87,130851.53125,84638.1125,3041.0625,56.375,-0.765880148275662,-0.654941594535407,0.2857142857142857,0.7142857142857143,0.3821076046663451,0.6178923953336549,8.499999999999998,1.872689938398357,0.07999999999999996,1.1454545454545453,8.580000000000002,1.8338192419825075,-46213.41875,0.6468255410652675
@NBA,2025,2025-09,75.0,210.0,4998883.0,17945954.0,84675.0,315980.0,12235.0,11300.0,16.94,17.61,2.45,0.63,19.39,18.24,66651.77333333333,85456.92380952381,2061.2,47.114285714285714,0.1938346632836978,1.650394938804903,0.2631578947368421,0.7368421052631579,0.21786526528822148,0.7821347347117785,0.6699999999999982,1.0395513577331759,-1.8200000000000003,0.2571428571428571,-1.1500000000000021,0.9406910778751932,18805.15047619048,1.2821402872830363
@NBA,2025,2025-10,276.0,502.0,95302761.0,68535418.0,1012169.0,1221600.0,109558.0,42000.0,10.62,17.82,1.15,0.61,11.77,18.44,345299.85869565216,136524.73705179282,1188.626811594203,38.14342629482072,18.06481127883969,2.818989951718365,0.35475578406169667,0.6452442159383034,0.5816883560455101,0.41831164395449,7.200000000000001,1.6779661016949154,-0.5399999999999999,0.5304347826086957,6.670000000000002,1.5666949872557352,-208775.12164385934,0.39538022855701754
@Veritasium,2025,2025-01,3.0,,30089240.0,,574449.0,,19522.0,,19.09,,0.65,,19.74,,10029746.666666666,,1498.6666666666667,,,,,,,,,,,,,,,
@Veritasium,2025,2025-02,3.0,1.0,40772489.0,2576257.0,892114.0,105111.0,45934.0,872.0,21.88,40.8,1.13,0.34,23.01,41.14,13590829.666666666,2576257.0,1331.3333333333333,126.0,0.3550521382394505,,0.75,0.25,0.9405690536007663,0.05943094639923378,18.919999999999998,1.8647166361974405,-0.7899999999999998,0.3008849557522124,18.13,1.7879182963928726,-11014572.666666666,0.1895584790028394
@Veritasium,2025,2025-03,2.0,1.0,24458831.0,7693511.0,532349.0,212828.0,30035.0,2932.0,21.77,27.66,1.23,0.38,22.99,28.04,12229415.5,7693511.0,1864.5,102.0,-0.4001143516158653,1.9863134772656612,0.6666666666666666,0.3333333333333333,0.7607169331552893,0.23928306684471073,5.890000000000001,1.270555810748737,-0.85,0.3089430894308943,5.050000000000001,1.2196607220530666,-4535904.5,0.6290988314200299
@Veritasium,2025,2025-04,3.0,2.0,43858873.0,41748300.0,905798.0,170685.0,52757.0,27034.0,20.65,4.09,1.2,0.65,21.86,4.74,14619624.333333334,20874150.0,1886.6666666666667,77.5,0.7931712680790017,4.426430143532647,0.6,0.4,0.512327080348746,0.487672919651254,-16.56,0.1980629539951574,-0.5499999999999999,0.5416666666666667,-17.119999999999997,0.21683440073193047,6254525.666666666,1.4278171260807362
@Veritasium,2025,2025-05,1.0,1.0,28105925.0,10579206.0,706285.0,292989.0,44349.0,2685.0,25.13,27.69,1.58,0.25,26.71,27.95,28105925.0,10579206.0,3248.0,64.0,-0.3591735701918287,-0.7465955260453718,0.5,0.5,0.7265304336180224,0.2734695663819776,2.5600000000000023,1.1018702745722244,-1.33,0.1582278481012658,1.2399999999999984,1.0464245600898539,-17526719.0,0.37640483278881587
@Veritasium,2025,2025-06,3.0,1.0,24976899.0,8360396.0,569342.0,226008.0,29960.0,4785.0,22.79,27.03,1.2,0.57,23.99,27.61,8325633.0,8360396.0,1859.3333333333333,67.0,-0.11132976409778361,-0.2097331312009616,0.75,0.25,0.7492179254495603,0.25078207455043966,4.240000000000002,1.186046511627907,-0.63,0.475,3.620000000000001,1.1508962067528137,34763.0,1.004175418253483
@Veritasium,2025,2025-07,1.0,3.0,9531796.0,19407751.0,236262.0,750594.0,8759.0,14119.0,24.79,38.67,0.92,0.73,25.71,39.4,9531796.0,6469250.333333333,1952.0,99.66666666666669,-0.6183755237189372,1.3213913551463352,0.25,0.75,0.3293692192210196,0.6706307807789804,13.880000000000003,1.5599031867688586,-0.19000000000000006,0.7934782608695652,13.689999999999998,1.5324776351614158,-3062545.666666667,0.6787021389603106
@Veritasium,2025,2025-08,3.0,4.0,33255176.0,75010191.0,840564.0,2892453.0,57937.0,35596.0,25.28,38.56,1.74,0.47,27.02,39.04,11085058.666666666,18752547.75,2456.0,118.5,2.488867785252643,2.8649604995447437,0.42857142857142855,0.5714285714285714,0.3071635641340411,0.6928364358659589,13.280000000000001,1.5253164556962024,-1.27,0.27011494252873564,12.02,1.4448556624722428,7667489.083333334,1.6916958505948068
@Veritasium,2025,2025-09,3.0,2.0,25397595.0,8526132.0,680731.0,351460.0,35470.0,2737.0,26.8,41.22,1.4,0.32,28.2,41.54,8465865.0,4263066.0,2034.6666666666667,147.0,-0.23628144382697003,-0.8863336849788851,0.6,0.4,0.7486675918598213,0.2513324081401787,14.419999999999998,1.5380597014925372,-1.0799999999999998,0.2285714285714286,13.34,1.473049645390071,-4202799.0,0.5035594118261985
@Veritasium,2025,2025-10,1.0,4.0,2086876.0,22104403.0,88244.0,601201.0,8010.0,10390.0,42.29,27.2,3.84,0.47,46.12,27.67,2086876.0,5526100.75,1730.0,97.75,-0.9178317474548279,1.5925475936802291,0.2,0.8,0.08626563316474503,0.913734366835255,-15.09,0.6431780562780799,-3.37,0.12239583333333333,-18.449999999999996,0.5999566348655682,3439224.75,2.648025445690113
@Vox,2025,2025-01,1.0,4.0,476605.0,1692364.0,12934.0,113275.0,1406.0,2187.0,27.14,66.93,2.95,1.29,30.09,68.23,476605.0,423091.0,612.0,58.75,,,0.2,0.8,0.21973804143812106,0.780261958561879,39.790000000000006,2.4661016949152543,-1.6600000000000001,0.43728813559322033,38.14,2.2675307411100034,-53514.0,0.8877183411839993
@Vox,2025,2025-02,3.0,4.0,2440570.0,444642.0,63685.0,24113.0,2535.0,284.0,26.09,54.23,1.04,0.64,27.13,54.87,813523.3333333334,111160.5,568.3333333333334,57.5,4.120739396355472,-0.7372657418853155,0.42857142857142855,0.5714285714285714,0.8458893141994418,0.15411068580055814,28.139999999999997,2.0785741663472592,-0.4,0.6153846153846154,27.74,2.022484334684851,-702362.8333333334,0.13664082570874836
@Vox,2025,2025-03,4.0,4.0,3526990.0,2343948.0,74599.0,143143.0,6600.0,1565.0,21.15,61.07,1.87,0.67,23.02,61.74,881747.5,585987.0,1248.25,60.0,0.44515010837632185,4.271539800558652,0.5,0.5,0.6007540873366403,0.39924591266335974,39.92,2.887470449172577,-1.2000000000000002,0.3582887700534759,38.72,2.682015638575152,-295760.5,0.6645746089441705
@Vox,2025,2025-04,5.0,6.0,932609.0,551147.0,19164.0,13468.0,1421.0,641.0,20.55,24.44,1.52,1.16,22.07,25.6,186521.8,91857.83333333333,1894.2,81.33333333333333,-0.7355793466950573,-0.7648638109719157,0.45454545454545453,0.5454545454545454,0.6285460682214596,0.3714539317785404,3.8900000000000006,1.189294403892944,-0.3600000000000001,0.763157894736842,3.530000000000001,1.1599456275487088,-94663.96666666666,0.49247773361255004
@Vox,2025,2025-05,4.0,7.0,758354.0,566113.0,18686.0,17321.0,1342.0,570.0,24.64,30.6,1.77,1.01,26.41,31.6,189588.5,80873.28571428571,2283.25,90.57142857142856,-0.18684679217121003,0.027154280074100035,0.36363636363636365,0.6363636363636364,0.5725729670878927,0.42742703291210726,5.960000000000001,1.2418831168831168,-0.76,0.5706214689265536,5.190000000000001,1.1965164710336995,-108715.21428571429,0.4265727389281824
@Vox,2025,2025-06,8.0,10.0,1930781.0,912202.0,46852.0,23126.0,4023.0,1092.0,24.27,25.35,2.08,1.2,26.35,26.55,241347.625,91220.2,1741.875,88.3,1.5460154492492952,0.6113426118107161,0.4444444444444444,0.5555555555555556,0.6791391295691884,0.3208608704308116,1.0800000000000018,1.0444993819530286,-0.8800000000000001,0.5769230769230769,0.1999999999999993,1.0075901328273245,-150127.425,0.3779618713877959
@Vox,2025,2025-07,4.0,6.0,522359.0,287954.0,12560.0,7555.0,1146.0,325.0,24.04,26.24,2.19,1.13,26.24,27.37,130589.75,47992.333333333336,2532.5,97.66666666666669,-0.7294571471337247,-0.6843308828527015,0.4,0.6,0.6446385532504106,0.35536144674958936,2.1999999999999993,1.0915141430948418,-1.06,0.5159817351598173,1.1300000000000026,1.043064024390244,-82597.41666666666,0.3675045961366289
@Vox,2025,2025-08,7.0,10.0,837275.0,487815.0,20843.0,10109.0,1437.0,972.0,24.89,20.72,1.72,1.99,26.61,22.72,119610.71428571429,48781.5,1966.2857142857144,78.7,0.6028727369491098,0.6940726643838946,0.4117647058823529,0.5882352941176471,0.6318627413986975,0.36813725860130253,-4.170000000000002,0.8324628364805142,0.27,1.1569767441860466,-3.8900000000000006,0.853814355505449,-70829.21428571429,0.407835537905706
@Vox,2025,2025-09,6.0,12.0,735067.0,740419.0,15585.0,18394.0,930.0,1543.0,21.2,24.84,1.27,2.08,22.47,26.93,122511.16666666667,61701.583333333336,2288.5,107.41666666666669,-0.12207219850108986,0.517827455080307,0.3333333333333333,0.6666666666666666,0.4981863602907788,0.5018136397092212,3.6400000000000006,1.1716981132075472,0.81,1.6377952755905512,4.460000000000001,1.1984868713840677,-60809.583333333336,0.5036404844728439
@Vox,2025,2025-10,5.0,14.0,546152.0,699884.0,13659.0,12900.0,1239.0,532.0,25.01,18.43,2.27,0.76,27.28,19.19,109230.4,49991.71428571428,2534.6,74.28571428571429,-0.2570037833285945,-0.05474602893766911,0.2631578947368421,0.7368421052631579,0.4383115736623982,0.5616884263376019,-6.580000000000002,0.736905237904838,-1.51,0.33480176211453744,-8.09,0.7034457478005866,-59238.68571428571,0.4576721708033138
@nytimes,2025,2025-01,,5.0,,89825.0,,3776.0,,437.0,,42.04,,4.87,,46.9,,17965.0,,145.0,,,,,,,,,,,,,,
@nytimes,2025,2025-02,8.0,27.0,1205408.0,1050429.0,46430.0,27799.0,5323.0,2052.0,38.52,26.46,4.42,1.95,42.93,28.42,150676.0,38904.77777777778,248.75,91.55555555555556,,10.694172001113277,0.22857142857142856,0.7714285714285715,0.5343506645205305,0.46564933547946946,-12.060000000000002,0.6869158878504673,-2.4699999999999998,0.4411764705882353,-14.509999999999998,0.6620079198695551,-111771.22222222222,0.2582015568357123
@nytimes,2025,2025-03,4.0,48.0,97057.0,3918780.0,3078.0,216528.0,401.0,14717.0,31.71,55.25,4.13,3.76,35.84,59.01,24264.25,81641.25,236.0,94.79166666666669,-0.9194820342987603,2.7306471927184037,0.07692307692307693,0.9230769230769231,0.024168560626340162,0.9758314393736598,23.54,1.7423525701671396,-0.3700000000000001,0.910411622276029,23.169999999999995,1.6464843749999998,57377.0,3.3646723059645365
@nytimes,2025,2025-04,6.0,55.0,512039.0,7460142.0,3652.0,245063.0,641.0,27086.0,7.13,32.85,1.25,3.63,8.38,36.48,85339.83333333333,135638.94545454546,213.33333333333337,97.85454545454546,4.275652451652122,0.9036899239048888,0.09836065573770492,0.9016393442622951,0.06422822060863896,0.935771779391361,25.720000000000002,4.607293127629734,2.38,2.904,28.099999999999994,4.353221957040572,50299.112121212136,1.5893978246330316
@nytimes,2025,2025-05,4.0,59.0,503624.0,4535186.0,25885.0,165457.0,6016.0,14591.0,51.4,36.48,11.95,3.22,63.34,39.7,125906.0,76867.55932203389,633.0,97.05084745762711,-0.016434295043932234,-0.39207779154874,0.06349206349206349,0.9365079365079365,0.09994899589387177,0.9000510041061283,-14.920000000000002,0.7097276264591439,-8.729999999999999,0.26945606694560675,-23.64,0.6267761288285444,-49038.44067796611,0.6105154585328252
@nytimes,2025,2025-06,3.0,73.0,311935.0,4866406.0,2749.0,157817.0,304.0,17521.0,8.81,32.43,0.97,3.6,9.79,36.03,103978.33333333333,66663.09589041096,233.33333333333337,99.3972602739726,-0.38061927152002284,0.07303338826676575,0.039473684210526314,0.9605263157894737,0.06023840453921439,0.9397615954607856,23.619999999999997,3.681044267877412,2.63,3.711340206185567,26.240000000000002,3.680286006128703,-37315.23744292237,0.6411248743207171
@nytimes,2025,2025-07,3.0,49.0,313337.0,2634425.0,5940.0,82171.0,1383.0,9313.0,18.96,31.19,4.41,3.54,23.37,34.73,104445.66666666667,53763.77551020408,481.3333333333333,104.77551020408164,0.004494526103194563,-0.45865079896745153,0.057692307692307696,0.9423076923076923,0.10629657346827864,0.8937034265317213,12.23,1.645042194092827,-0.8700000000000001,0.8027210884353742,11.359999999999996,1.4860932819854513,-50681.89115646259,0.514753529045763
@nytimes,2025,2025-08,,45.0,,4076402.0,,180685.0,,21311.0,,44.32,,5.23,,49.55,,90586.71111111112,,96.8,0.0,0.5473592909268625,,,,,,,,,,,,
@nytimes,2025,2025-09,4.0,81.0,212326.0,9714549.0,7244.0,232667.0,3180.0,54527.0,34.12,23.95,14.98,5.61,49.09,29.56,53081.5,119932.70370370371,270.75,92.74074074074076,-0.3223717594794103,1.3831184951827615,0.047058823529411764,0.9529411764705882,0.021389007114524964,0.978610992885475,-10.169999999999998,0.7019343493552169,-9.370000000000001,0.37449933244325767,-19.530000000000005,0.6021592992462823,66851.20370370371,2.2594068310749265
@nytimes,2025,2025-10,5.0,76.0,1249415.0,9489755.0,34626.0,308594.0,2278.0,32637.0,27.71,32.52,1.82,3.44,29.54,35.96,249883.0,124865.19736842105,257.8,97.89473684210526,4.884418300161073,-0.023139931663322733,0.06172839506172839,0.9382716049382716,0.1163418588214918,0.8836581411785082,4.810000000000002,1.1735835438469868,1.6199999999999999,1.89010989010989,6.420000000000002,1.2173324306025728,-125017.80263157895,0.49969464656827817
@theoffice,2025,2025-01,12.0,2.0,12153646.0,675903.0,178955.0,26110.0,5864.0,242.0,14.72,38.63,0.48,0.36,15.21,38.99,1012803.8333333334,337951.5,896.5,70.5,,,0.8571428571428571,0.14285714285714285,0.9473166983500355,0.052683301649964466,23.910000000000004,2.624320652173913,-0.12,0.75,23.78,2.56344510190664,-674852.3333333334,0.33367912805753924
@theoffice,2025,2025-02,11.0,1.0,13842881.0,347713.0,190843.0,13698.0,5479.0,104.0,13.79,39.39,0.4,0.3,14.18,39.69,1258443.7272727273,347713.0,1022.3636363636364,58.0,0.13898997880965114,-0.4855578389206735,0.9166666666666666,0.08333333333333333,0.9754969383240758,0.02450306167592421,25.6,2.856417693981146,-0.10000000000000003,0.7499999999999999,25.509999999999998,2.79901269393512,-910730.7272727273,0.27630397169490944
@theoffice,2025,2025-03,13.0,2.0,7040130.0,649066.0,104482.0,20414.0,3408.0,226.0,14.84,31.45,0.48,0.35,15.33,31.8,541548.4615384615,324533.0,913.2307692307692,55.5,-0.49142595388922294,0.8666716516207331,0.8666666666666667,0.13333333333333333,0.9155872733638212,0.08441272663617887,16.61,2.1192722371967654,-0.13,0.7291666666666666,16.47,2.0743639921722115,-217015.4615384615,0.5992686214601152
@theoffice,2025,2025-04,12.0,5.0,4278533.0,2374937.0,67339.0,53766.0,2024.0,596.0,15.74,22.64,0.47,0.25,16.21,22.89,356544.4166666667,474987.4,1100.5,49.0,-0.39226505760547037,2.659006942283219,0.7058823529411765,0.29411764705882354,0.643052873162425,0.35694712683757496,6.9,1.4383735705209657,-0.21999999999999997,0.5319148936170213,6.68,1.4120913016656385,118442.98333333334,1.332196993689192
@theoffice,2025,2025-05,11.0,3.0,10411526.0,5498574.0,121481.0,174904.0,2702.0,497.0,11.67,31.81,0.26,0.09,11.93,31.9,946502.3636363636,1832858.0,1175.3636363636365,60.666666666666664,1.4334336091365896,1.3152504676966168,0.7857142857142857,0.21428571428571427,0.6543972696588959,0.34560273034110406,20.14,2.7257926306769495,-0.17,0.34615384615384615,19.97,2.6739312657166807,886355.6363636364,1.9364536956446154
@theoffice,2025,2025-06,12.0,3.0,6453706.0,7476633.0,89802.0,242365.0,2477.0,1854.0,13.91,32.42,0.38,0.25,14.3,32.66,537808.8333333334,2492211.0,1230.8333333333333,93.0,-0.38013831978136536,0.359740361773798,0.8,0.2,0.4632842029185363,0.5367157970814637,18.51,2.3306973400431343,-0.13,0.6578947368421053,18.359999999999996,2.2839160839160835,1954402.1666666665,4.634009048444413
@theoffice,2025,2025-07,12.0,3.0,3054443.0,1255034.0,45294.0,41572.0,1566.0,457.0,14.83,33.12,0.51,0.36,15.34,33.49,254536.91666666666,418344.6666666667,1188.0,128.33333333333334,-0.5267148828905438,-0.8321391460567878,0.8,0.2,0.7087734776168895,0.29122652238311053,18.29,2.2333108563722184,-0.15000000000000002,0.7058823529411764,18.150000000000002,2.183181225554107,163807.75000000003,1.6435520322363195
@theoffice,2025,2025-08,13.0,1.0,7154064.0,380262.0,85788.0,9774.0,2376.0,186.0,11.99,25.7,0.33,0.49,12.32,26.19,550312.6153846154,380262.0,1096.076923076923,59.0,1.342182846430593,-0.6970105989160453,0.9285714285714286,0.07142857142857142,0.9495293938701351,0.050470606129864835,13.709999999999999,2.1434528773978316,0.15999999999999998,1.4848484848484849,13.870000000000001,2.125811688311688,-170050.61538461538,0.6909927000932616
@theoffice,2025,2025-09,12.0,3.0,3323949.0,769157.0,43684.0,22599.0,1737.0,749.0,13.14,29.38,0.52,0.97,13.66,30.36,276995.75,256385.66666666666,1403.0833333333333,83.0,-0.5353761162885878,1.0227027680914738,0.8,0.2,0.8120847591046995,0.18791524089530054,16.24,2.2359208523592082,0.44999999999999996,1.8653846153846152,16.7,2.2225475841874083,-20610.083333333343,0.9255942254228329
@theoffice,2025,2025-10,12.0,8.0,2336803.0,6623755.0,32441.0,204264.0,1387.0,1503.0,13.88,30.84,0.59,0.23,14.48,31.07,194733.58333333334,827969.375,1519.4166666666667,60.75,-0.2969798874772146,7.611707362736086,0.6,0.4,0.2607876652324554,0.7392123347675447,16.96,2.221902017291066,-0.36,0.3898305084745763,16.59,2.145718232044199,633235.7916666666,4.251805779092204
